account	planned_run_id	sut_id	target_module	planned_rep
account1	1	PySnooper_2f	pysnooper	1
account1	2	PySnooper_2f	pysnooper	2
account1	3	PySnooper_2f	pysnooper	3
account1	4	PySnooper_2f	pysnooper	4
account1	5	PySnooper_2f	pysnooper	5
account1	6	ansible_17f	ansible.utils.unicode	1
account1	7	ansible_17f	ansible.utils.unicode	2
account1	8	ansible_17f	ansible.utils.unicode	3
account1	9	ansible_17f	ansible.utils.unicode	4
account1	10	ansible_17f	ansible.utils.unicode	5
account1	11	cookiecutter_1f	cookiecutter.log	1
account1	12	cookiecutter_1f	cookiecutter.log	2
account1	13	cookiecutter_1f	cookiecutter.log	3
account1	14	cookiecutter_1f	cookiecutter.log	4
account1	15	cookiecutter_1f	cookiecutter.log	5
account1	16	httpie_2f	httpie.sessions	1
account1	17	httpie_2f	httpie.sessions	2
account1	18	httpie_2f	httpie.sessions	3
account1	19	httpie_2f	httpie.sessions	4
account1	20	httpie_2f	httpie.sessions	5
account1	21	thefuck_25f	thefuck.types	1
account1	22	thefuck_25f	thefuck.types	2
account1	23	thefuck_25f	thefuck.types	3
account1	24	thefuck_25f	thefuck.types	4
account1	25	thefuck_25f	thefuck.types	5
account1	26	youtube-dl_35f	youtube_dl.utils	1
account1	27	youtube-dl_35f	youtube_dl.utils	2
account1	28	youtube-dl_35f	youtube_dl.utils	3
account1	29	youtube-dl_35f	youtube_dl.utils	4
account1	30	youtube-dl_35f	youtube_dl.utils	5
account2	1	PySnooper_3f	pysnooper	1
account2	2	PySnooper_3f	pysnooper	2
account2	3	PySnooper_3f	pysnooper	3
account2	4	PySnooper_3f	pysnooper	4
account2	5	PySnooper_3f	pysnooper	5
account2	6	black_2f	blib2to3.pgen2.token	1
account2	7	black_2f	blib2to3.pgen2.token	2
account2	8	black_2f	blib2to3.pgen2.token	3
account2	9	black_2f	blib2to3.pgen2.token	4
account2	10	black_2f	blib2to3.pgen2.token	5
account2	11	cookiecutter_3f	cookiecutter.log	1
account2	12	cookiecutter_3f	cookiecutter.log	2
account2	13	cookiecutter_3f	cookiecutter.log	3
account2	14	cookiecutter_3f	cookiecutter.log	4
account2	15	cookiecutter_3f	cookiecutter.log	5
account2	16	matplotlib_16f	matplotlib.cbook	1
account2	17	matplotlib_16f	matplotlib.cbook	2
account2	18	matplotlib_16f	matplotlib.cbook	3
account2	19	matplotlib_16f	matplotlib.cbook	4
account2	20	matplotlib_16f	matplotlib.cbook	5
account2	21	tornado_14f	tornado.escape	1
account2	22	tornado_14f	tornado.escape	2
account2	23	tornado_14f	tornado.escape	3
account2	24	tornado_14f	tornado.escape	4
account2	25	tornado_14f	tornado.escape	5
account3	1	ansible_14f	ansible.utils.unicode	1
account3	2	ansible_14f	ansible.utils.unicode	2
account3	3	ansible_14f	ansible.utils.unicode	3
account3	4	ansible_14f	ansible.utils.unicode	4
account3	5	ansible_14f	ansible.utils.unicode	5
account3	6	black_5f	blib2to3.pgen2.driver	1
account3	7	black_5f	blib2to3.pgen2.driver	2
account3	8	black_5f	blib2to3.pgen2.driver	3
account3	9	black_5f	blib2to3.pgen2.driver	4
account3	10	black_5f	blib2to3.pgen2.driver	5
account3	11	httpie_1f	httpie.sessions	1
account3	12	httpie_1f	httpie.sessions	2
account3	13	httpie_1f	httpie.sessions	3
account3	14	httpie_1f	httpie.sessions	4
account3	15	httpie_1f	httpie.sessions	5
account3	16	matplotlib_9f	matplotlib.cbook	1
account3	17	matplotlib_9f	matplotlib.cbook	2
account3	18	matplotlib_9f	matplotlib.cbook	3
account3	19	matplotlib_9f	matplotlib.cbook	4
account3	20	matplotlib_9f	matplotlib.cbook	5
account3	21	tornado_4f	tornado.escape	1
account3	22	tornado_4f	tornado.escape	2
account3	23	tornado_4f	tornado.escape	3
account3	24	tornado_4f	tornado.escape	4
account3	25	tornado_4f	tornado.escape	5
