account	planned_run_id	sut_id	target_module	planned_rep	source	status	generation_output_nonempty	generation_attempts	generation_empty_attempts	pytest_raw_exit_code	coverage_exit_code	mutmut_exit_code	mutmut_results_exit_code	line_pct	branch_pct	mutation_score_pct	line_pct_penalized	branch_pct_penalized	mutation_score_pct_penalized	mutation_available	source_status_json	source_run_dir	consolidated_run_dir	consolidated_status_json	replaced_old_status	replaced_old_status_json
account1	1	PySnooper_2f	pysnooper	1	original	mutation_no_checked_mutants	true	1	0	0	0	1	0	42.28	20.34		42.28	20.34	0.0	False	/home/jpaiva/projetos/bugsinpy_gpt55/out/_FINAL_GPT55_BUGSINPY_16SUTS_5REPS_3ACCOUNTS_20260622_142827/account1/PySnooper_2f/run_0001/0001-1/metrics/status.json	/home/jpaiva/projetos/bugsinpy_gpt55/out/_FINAL_GPT55_BUGSINPY_16SUTS_5REPS_3ACCOUNTS_20260622_142827/account1/PySnooper_2f/run_0001/0001-1	/home/jpaiva/projetos/bugsinpy_gpt55/out/_FINAL_CONSOLIDATED_GPT55_BUGSINPY_80SLOTS_PREMUTATION_20260623_080030/account1/PySnooper_2f/run_0001/0001-1	/home/jpaiva/projetos/bugsinpy_gpt55/out/_FINAL_CONSOLIDATED_GPT55_BUGSINPY_80SLOTS_PREMUTATION_20260623_080030/account1/PySnooper_2f/run_0001/0001-1/metrics/status.json		
account1	2	PySnooper_2f	pysnooper	2	original	mutation_no_checked_mutants	true	1	0	0	0	1	0	39.19	17.8		39.19	17.8	0.0	False	/home/jpaiva/projetos/bugsinpy_gpt55/out/_FINAL_GPT55_BUGSINPY_16SUTS_5REPS_3ACCOUNTS_20260622_142827/account1/PySnooper_2f/run_0002/0001-1/metrics/status.json	/home/jpaiva/projetos/bugsinpy_gpt55/out/_FINAL_GPT55_BUGSINPY_16SUTS_5REPS_3ACCOUNTS_20260622_142827/account1/PySnooper_2f/run_0002/0001-1	/home/jpaiva/projetos/bugsinpy_gpt55/out/_FINAL_CONSOLIDATED_GPT55_BUGSINPY_80SLOTS_PREMUTATION_20260623_080030/account1/PySnooper_2f/run_0002/0001-1	/home/jpaiva/projetos/bugsinpy_gpt55/out/_FINAL_CONSOLIDATED_GPT55_BUGSINPY_80SLOTS_PREMUTATION_20260623_080030/account1/PySnooper_2f/run_0002/0001-1/metrics/status.json		
account1	3	PySnooper_2f	pysnooper	3	original	mutation_no_checked_mutants	true	1	0	0	0	1	0	41.81	20.34		41.81	20.34	0.0	False	/home/jpaiva/projetos/bugsinpy_gpt55/out/_FINAL_GPT55_BUGSINPY_16SUTS_5REPS_3ACCOUNTS_20260622_142827/account1/PySnooper_2f/run_0003/0001-1/metrics/status.json	/home/jpaiva/projetos/bugsinpy_gpt55/out/_FINAL_GPT55_BUGSINPY_16SUTS_5REPS_3ACCOUNTS_20260622_142827/account1/PySnooper_2f/run_0003/0001-1	/home/jpaiva/projetos/bugsinpy_gpt55/out/_FINAL_CONSOLIDATED_GPT55_BUGSINPY_80SLOTS_PREMUTATION_20260623_080030/account1/PySnooper_2f/run_0003/0001-1	/home/jpaiva/projetos/bugsinpy_gpt55/out/_FINAL_CONSOLIDATED_GPT55_BUGSINPY_80SLOTS_PREMUTATION_20260623_080030/account1/PySnooper_2f/run_0003/0001-1/metrics/status.json		
account1	4	PySnooper_2f	pysnooper	4	original	mutation_no_checked_mutants	true	1	0	0	0	1	0	39.19	17.8		39.19	17.8	0.0	False	/home/jpaiva/projetos/bugsinpy_gpt55/out/_FINAL_GPT55_BUGSINPY_16SUTS_5REPS_3ACCOUNTS_20260622_142827/account1/PySnooper_2f/run_0004/0001-1/metrics/status.json	/home/jpaiva/projetos/bugsinpy_gpt55/out/_FINAL_GPT55_BUGSINPY_16SUTS_5REPS_3ACCOUNTS_20260622_142827/account1/PySnooper_2f/run_0004/0001-1	/home/jpaiva/projetos/bugsinpy_gpt55/out/_FINAL_CONSOLIDATED_GPT55_BUGSINPY_80SLOTS_PREMUTATION_20260623_080030/account1/PySnooper_2f/run_0004/0001-1	/home/jpaiva/projetos/bugsinpy_gpt55/out/_FINAL_CONSOLIDATED_GPT55_BUGSINPY_80SLOTS_PREMUTATION_20260623_080030/account1/PySnooper_2f/run_0004/0001-1/metrics/status.json		
account1	5	PySnooper_2f	pysnooper	5	original	mutation_no_checked_mutants	true	1	0	0	0	1	0	42.04	20.34		42.04	20.34	0.0	False	/home/jpaiva/projetos/bugsinpy_gpt55/out/_FINAL_GPT55_BUGSINPY_16SUTS_5REPS_3ACCOUNTS_20260622_142827/account1/PySnooper_2f/run_0005/0001-1/metrics/status.json	/home/jpaiva/projetos/bugsinpy_gpt55/out/_FINAL_GPT55_BUGSINPY_16SUTS_5REPS_3ACCOUNTS_20260622_142827/account1/PySnooper_2f/run_0005/0001-1	/home/jpaiva/projetos/bugsinpy_gpt55/out/_FINAL_CONSOLIDATED_GPT55_BUGSINPY_80SLOTS_PREMUTATION_20260623_080030/account1/PySnooper_2f/run_0005/0001-1	/home/jpaiva/projetos/bugsinpy_gpt55/out/_FINAL_CONSOLIDATED_GPT55_BUGSINPY_80SLOTS_PREMUTATION_20260623_080030/account1/PySnooper_2f/run_0005/0001-1/metrics/status.json		
account1	6	ansible_17f	ansible.utils.unicode	1	original	ok	true	1	0	0	0	1	0	63.46	37.5	0.0	63.46	37.5	0.0	True	/home/jpaiva/projetos/bugsinpy_gpt55/out/_FINAL_GPT55_BUGSINPY_16SUTS_5REPS_3ACCOUNTS_20260622_142827/account1/ansible_17f/run_0006/0001-1/metrics/status.json	/home/jpaiva/projetos/bugsinpy_gpt55/out/_FINAL_GPT55_BUGSINPY_16SUTS_5REPS_3ACCOUNTS_20260622_142827/account1/ansible_17f/run_0006/0001-1	/home/jpaiva/projetos/bugsinpy_gpt55/out/_FINAL_CONSOLIDATED_GPT55_BUGSINPY_80SLOTS_PREMUTATION_20260623_080030/account1/ansible_17f/run_0006/0001-1	/home/jpaiva/projetos/bugsinpy_gpt55/out/_FINAL_CONSOLIDATED_GPT55_BUGSINPY_80SLOTS_PREMUTATION_20260623_080030/account1/ansible_17f/run_0006/0001-1/metrics/status.json		
account1	7	ansible_17f	ansible.utils.unicode	2	original	pytest_raw_fail	true	1	0	1							0.0	0.0	0.0		/home/jpaiva/projetos/bugsinpy_gpt55/out/_FINAL_GPT55_BUGSINPY_16SUTS_5REPS_3ACCOUNTS_20260622_142827/account1/ansible_17f/run_0007/0001-1/metrics/status.json	/home/jpaiva/projetos/bugsinpy_gpt55/out/_FINAL_GPT55_BUGSINPY_16SUTS_5REPS_3ACCOUNTS_20260622_142827/account1/ansible_17f/run_0007/0001-1	/home/jpaiva/projetos/bugsinpy_gpt55/out/_FINAL_CONSOLIDATED_GPT55_BUGSINPY_80SLOTS_PREMUTATION_20260623_080030/account1/ansible_17f/run_0007/0001-1	/home/jpaiva/projetos/bugsinpy_gpt55/out/_FINAL_CONSOLIDATED_GPT55_BUGSINPY_80SLOTS_PREMUTATION_20260623_080030/account1/ansible_17f/run_0007/0001-1/metrics/status.json		
account1	8	ansible_17f	ansible.utils.unicode	3	original	pytest_raw_fail	true	1	0	1							0.0	0.0	0.0		/home/jpaiva/projetos/bugsinpy_gpt55/out/_FINAL_GPT55_BUGSINPY_16SUTS_5REPS_3ACCOUNTS_20260622_142827/account1/ansible_17f/run_0008/0001-1/metrics/status.json	/home/jpaiva/projetos/bugsinpy_gpt55/out/_FINAL_GPT55_BUGSINPY_16SUTS_5REPS_3ACCOUNTS_20260622_142827/account1/ansible_17f/run_0008/0001-1	/home/jpaiva/projetos/bugsinpy_gpt55/out/_FINAL_CONSOLIDATED_GPT55_BUGSINPY_80SLOTS_PREMUTATION_20260623_080030/account1/ansible_17f/run_0008/0001-1	/home/jpaiva/projetos/bugsinpy_gpt55/out/_FINAL_CONSOLIDATED_GPT55_BUGSINPY_80SLOTS_PREMUTATION_20260623_080030/account1/ansible_17f/run_0008/0001-1/metrics/status.json		
account1	9	ansible_17f	ansible.utils.unicode	4	original	pytest_raw_fail	true	1	0	1							0.0	0.0	0.0		/home/jpaiva/projetos/bugsinpy_gpt55/out/_FINAL_GPT55_BUGSINPY_16SUTS_5REPS_3ACCOUNTS_20260622_142827/account1/ansible_17f/run_0009/0001-1/metrics/status.json	/home/jpaiva/projetos/bugsinpy_gpt55/out/_FINAL_GPT55_BUGSINPY_16SUTS_5REPS_3ACCOUNTS_20260622_142827/account1/ansible_17f/run_0009/0001-1	/home/jpaiva/projetos/bugsinpy_gpt55/out/_FINAL_CONSOLIDATED_GPT55_BUGSINPY_80SLOTS_PREMUTATION_20260623_080030/account1/ansible_17f/run_0009/0001-1	/home/jpaiva/projetos/bugsinpy_gpt55/out/_FINAL_CONSOLIDATED_GPT55_BUGSINPY_80SLOTS_PREMUTATION_20260623_080030/account1/ansible_17f/run_0009/0001-1/metrics/status.json		
account1	10	ansible_17f	ansible.utils.unicode	5	original	pytest_raw_fail	true	1	0	1							0.0	0.0	0.0		/home/jpaiva/projetos/bugsinpy_gpt55/out/_FINAL_GPT55_BUGSINPY_16SUTS_5REPS_3ACCOUNTS_20260622_142827/account1/ansible_17f/run_0010/0001-1/metrics/status.json	/home/jpaiva/projetos/bugsinpy_gpt55/out/_FINAL_GPT55_BUGSINPY_16SUTS_5REPS_3ACCOUNTS_20260622_142827/account1/ansible_17f/run_0010/0001-1	/home/jpaiva/projetos/bugsinpy_gpt55/out/_FINAL_CONSOLIDATED_GPT55_BUGSINPY_80SLOTS_PREMUTATION_20260623_080030/account1/ansible_17f/run_0010/0001-1	/home/jpaiva/projetos/bugsinpy_gpt55/out/_FINAL_CONSOLIDATED_GPT55_BUGSINPY_80SLOTS_PREMUTATION_20260623_080030/account1/ansible_17f/run_0010/0001-1/metrics/status.json		
account1	11	cookiecutter_1f	cookiecutter.log	1	original	ok	true	1	0	0	0	1	0	100.0	100.0	100.0	100.0	100.0	100.0	True	/home/jpaiva/projetos/bugsinpy_gpt55/out/_FINAL_GPT55_BUGSINPY_16SUTS_5REPS_3ACCOUNTS_20260622_142827/account1/cookiecutter_1f/run_0011/0001-1/metrics/status.json	/home/jpaiva/projetos/bugsinpy_gpt55/out/_FINAL_GPT55_BUGSINPY_16SUTS_5REPS_3ACCOUNTS_20260622_142827/account1/cookiecutter_1f/run_0011/0001-1	/home/jpaiva/projetos/bugsinpy_gpt55/out/_FINAL_CONSOLIDATED_GPT55_BUGSINPY_80SLOTS_PREMUTATION_20260623_080030/account1/cookiecutter_1f/run_0011/0001-1	/home/jpaiva/projetos/bugsinpy_gpt55/out/_FINAL_CONSOLIDATED_GPT55_BUGSINPY_80SLOTS_PREMUTATION_20260623_080030/account1/cookiecutter_1f/run_0011/0001-1/metrics/status.json		
account1	12	cookiecutter_1f	cookiecutter.log	2	original	ok	true	1	0	0	0	1	0	100.0	100.0	100.0	100.0	100.0	100.0	True	/home/jpaiva/projetos/bugsinpy_gpt55/out/_FINAL_GPT55_BUGSINPY_16SUTS_5REPS_3ACCOUNTS_20260622_142827/account1/cookiecutter_1f/run_0012/0001-1/metrics/status.json	/home/jpaiva/projetos/bugsinpy_gpt55/out/_FINAL_GPT55_BUGSINPY_16SUTS_5REPS_3ACCOUNTS_20260622_142827/account1/cookiecutter_1f/run_0012/0001-1	/home/jpaiva/projetos/bugsinpy_gpt55/out/_FINAL_CONSOLIDATED_GPT55_BUGSINPY_80SLOTS_PREMUTATION_20260623_080030/account1/cookiecutter_1f/run_0012/0001-1	/home/jpaiva/projetos/bugsinpy_gpt55/out/_FINAL_CONSOLIDATED_GPT55_BUGSINPY_80SLOTS_PREMUTATION_20260623_080030/account1/cookiecutter_1f/run_0012/0001-1/metrics/status.json		
account1	13	cookiecutter_1f	cookiecutter.log	3	original	ok	true	1	0	0	0	1	0	100.0	100.0	100.0	100.0	100.0	100.0	True	/home/jpaiva/projetos/bugsinpy_gpt55/out/_FINAL_GPT55_BUGSINPY_16SUTS_5REPS_3ACCOUNTS_20260622_142827/account1/cookiecutter_1f/run_0013/0001-1/metrics/status.json	/home/jpaiva/projetos/bugsinpy_gpt55/out/_FINAL_GPT55_BUGSINPY_16SUTS_5REPS_3ACCOUNTS_20260622_142827/account1/cookiecutter_1f/run_0013/0001-1	/home/jpaiva/projetos/bugsinpy_gpt55/out/_FINAL_CONSOLIDATED_GPT55_BUGSINPY_80SLOTS_PREMUTATION_20260623_080030/account1/cookiecutter_1f/run_0013/0001-1	/home/jpaiva/projetos/bugsinpy_gpt55/out/_FINAL_CONSOLIDATED_GPT55_BUGSINPY_80SLOTS_PREMUTATION_20260623_080030/account1/cookiecutter_1f/run_0013/0001-1/metrics/status.json		
account1	14	cookiecutter_1f	cookiecutter.log	4	original	pytest_raw_fail	true	1	0	1							0.0	0.0	0.0		/home/jpaiva/projetos/bugsinpy_gpt55/out/_FINAL_GPT55_BUGSINPY_16SUTS_5REPS_3ACCOUNTS_20260622_142827/account1/cookiecutter_1f/run_0014/0001-1/metrics/status.json	/home/jpaiva/projetos/bugsinpy_gpt55/out/_FINAL_GPT55_BUGSINPY_16SUTS_5REPS_3ACCOUNTS_20260622_142827/account1/cookiecutter_1f/run_0014/0001-1	/home/jpaiva/projetos/bugsinpy_gpt55/out/_FINAL_CONSOLIDATED_GPT55_BUGSINPY_80SLOTS_PREMUTATION_20260623_080030/account1/cookiecutter_1f/run_0014/0001-1	/home/jpaiva/projetos/bugsinpy_gpt55/out/_FINAL_CONSOLIDATED_GPT55_BUGSINPY_80SLOTS_PREMUTATION_20260623_080030/account1/cookiecutter_1f/run_0014/0001-1/metrics/status.json		
account1	15	cookiecutter_1f	cookiecutter.log	5	original	ok	true	1	0	0	0	1	0	100.0	100.0	92.5925925925926	100.0	100.0	92.5925925925926	True	/home/jpaiva/projetos/bugsinpy_gpt55/out/_FINAL_GPT55_BUGSINPY_16SUTS_5REPS_3ACCOUNTS_20260622_142827/account1/cookiecutter_1f/run_0015/0001-1/metrics/status.json	/home/jpaiva/projetos/bugsinpy_gpt55/out/_FINAL_GPT55_BUGSINPY_16SUTS_5REPS_3ACCOUNTS_20260622_142827/account1/cookiecutter_1f/run_0015/0001-1	/home/jpaiva/projetos/bugsinpy_gpt55/out/_FINAL_CONSOLIDATED_GPT55_BUGSINPY_80SLOTS_PREMUTATION_20260623_080030/account1/cookiecutter_1f/run_0015/0001-1	/home/jpaiva/projetos/bugsinpy_gpt55/out/_FINAL_CONSOLIDATED_GPT55_BUGSINPY_80SLOTS_PREMUTATION_20260623_080030/account1/cookiecutter_1f/run_0015/0001-1/metrics/status.json		
account1	16	httpie_2f	httpie.sessions	1	original	pytest_raw_fail	true	1	0	1							0.0	0.0	0.0		/home/jpaiva/projetos/bugsinpy_gpt55/out/_FINAL_GPT55_BUGSINPY_16SUTS_5REPS_3ACCOUNTS_20260622_142827/account1/httpie_2f/run_0016/0001-1/metrics/status.json	/home/jpaiva/projetos/bugsinpy_gpt55/out/_FINAL_GPT55_BUGSINPY_16SUTS_5REPS_3ACCOUNTS_20260622_142827/account1/httpie_2f/run_0016/0001-1	/home/jpaiva/projetos/bugsinpy_gpt55/out/_FINAL_CONSOLIDATED_GPT55_BUGSINPY_80SLOTS_PREMUTATION_20260623_080030/account1/httpie_2f/run_0016/0001-1	/home/jpaiva/projetos/bugsinpy_gpt55/out/_FINAL_CONSOLIDATED_GPT55_BUGSINPY_80SLOTS_PREMUTATION_20260623_080030/account1/httpie_2f/run_0016/0001-1/metrics/status.json		
account1	17	httpie_2f	httpie.sessions	2	original	pytest_raw_fail	true	1	0	1							0.0	0.0	0.0		/home/jpaiva/projetos/bugsinpy_gpt55/out/_FINAL_GPT55_BUGSINPY_16SUTS_5REPS_3ACCOUNTS_20260622_142827/account1/httpie_2f/run_0017/0001-1/metrics/status.json	/home/jpaiva/projetos/bugsinpy_gpt55/out/_FINAL_GPT55_BUGSINPY_16SUTS_5REPS_3ACCOUNTS_20260622_142827/account1/httpie_2f/run_0017/0001-1	/home/jpaiva/projetos/bugsinpy_gpt55/out/_FINAL_CONSOLIDATED_GPT55_BUGSINPY_80SLOTS_PREMUTATION_20260623_080030/account1/httpie_2f/run_0017/0001-1	/home/jpaiva/projetos/bugsinpy_gpt55/out/_FINAL_CONSOLIDATED_GPT55_BUGSINPY_80SLOTS_PREMUTATION_20260623_080030/account1/httpie_2f/run_0017/0001-1/metrics/status.json		
account1	18	httpie_2f	httpie.sessions	3	original	pytest_raw_fail	true	1	0	1							0.0	0.0	0.0		/home/jpaiva/projetos/bugsinpy_gpt55/out/_FINAL_GPT55_BUGSINPY_16SUTS_5REPS_3ACCOUNTS_20260622_142827/account1/httpie_2f/run_0018/0001-1/metrics/status.json	/home/jpaiva/projetos/bugsinpy_gpt55/out/_FINAL_GPT55_BUGSINPY_16SUTS_5REPS_3ACCOUNTS_20260622_142827/account1/httpie_2f/run_0018/0001-1	/home/jpaiva/projetos/bugsinpy_gpt55/out/_FINAL_CONSOLIDATED_GPT55_BUGSINPY_80SLOTS_PREMUTATION_20260623_080030/account1/httpie_2f/run_0018/0001-1	/home/jpaiva/projetos/bugsinpy_gpt55/out/_FINAL_CONSOLIDATED_GPT55_BUGSINPY_80SLOTS_PREMUTATION_20260623_080030/account1/httpie_2f/run_0018/0001-1/metrics/status.json		
account1	19	httpie_2f	httpie.sessions	4	original	pytest_raw_fail	true	1	0	1							0.0	0.0	0.0		/home/jpaiva/projetos/bugsinpy_gpt55/out/_FINAL_GPT55_BUGSINPY_16SUTS_5REPS_3ACCOUNTS_20260622_142827/account1/httpie_2f/run_0019/0001-1/metrics/status.json	/home/jpaiva/projetos/bugsinpy_gpt55/out/_FINAL_GPT55_BUGSINPY_16SUTS_5REPS_3ACCOUNTS_20260622_142827/account1/httpie_2f/run_0019/0001-1	/home/jpaiva/projetos/bugsinpy_gpt55/out/_FINAL_CONSOLIDATED_GPT55_BUGSINPY_80SLOTS_PREMUTATION_20260623_080030/account1/httpie_2f/run_0019/0001-1	/home/jpaiva/projetos/bugsinpy_gpt55/out/_FINAL_CONSOLIDATED_GPT55_BUGSINPY_80SLOTS_PREMUTATION_20260623_080030/account1/httpie_2f/run_0019/0001-1/metrics/status.json		
account1	20	httpie_2f	httpie.sessions	5	original	pytest_raw_fail	true	1	0	1							0.0	0.0	0.0		/home/jpaiva/projetos/bugsinpy_gpt55/out/_FINAL_GPT55_BUGSINPY_16SUTS_5REPS_3ACCOUNTS_20260622_142827/account1/httpie_2f/run_0020/0001-1/metrics/status.json	/home/jpaiva/projetos/bugsinpy_gpt55/out/_FINAL_GPT55_BUGSINPY_16SUTS_5REPS_3ACCOUNTS_20260622_142827/account1/httpie_2f/run_0020/0001-1	/home/jpaiva/projetos/bugsinpy_gpt55/out/_FINAL_CONSOLIDATED_GPT55_BUGSINPY_80SLOTS_PREMUTATION_20260623_080030/account1/httpie_2f/run_0020/0001-1	/home/jpaiva/projetos/bugsinpy_gpt55/out/_FINAL_CONSOLIDATED_GPT55_BUGSINPY_80SLOTS_PREMUTATION_20260623_080030/account1/httpie_2f/run_0020/0001-1/metrics/status.json		
account1	21	thefuck_25f	thefuck.types	1	original	ok	true	1	0	0	0	1	0	100.0	100.0	100.0	100.0	100.0	100.0	True	/home/jpaiva/projetos/bugsinpy_gpt55/out/_FINAL_GPT55_BUGSINPY_16SUTS_5REPS_3ACCOUNTS_20260622_142827/account1/thefuck_25f/run_0021/0001-1/metrics/status.json	/home/jpaiva/projetos/bugsinpy_gpt55/out/_FINAL_GPT55_BUGSINPY_16SUTS_5REPS_3ACCOUNTS_20260622_142827/account1/thefuck_25f/run_0021/0001-1	/home/jpaiva/projetos/bugsinpy_gpt55/out/_FINAL_CONSOLIDATED_GPT55_BUGSINPY_80SLOTS_PREMUTATION_20260623_080030/account1/thefuck_25f/run_0021/0001-1	/home/jpaiva/projetos/bugsinpy_gpt55/out/_FINAL_CONSOLIDATED_GPT55_BUGSINPY_80SLOTS_PREMUTATION_20260623_080030/account1/thefuck_25f/run_0021/0001-1/metrics/status.json		
account1	22	thefuck_25f	thefuck.types	2	original	ok	true	1	0	0	0	1	0	100.0	100.0	100.0	100.0	100.0	100.0	True	/home/jpaiva/projetos/bugsinpy_gpt55/out/_FINAL_GPT55_BUGSINPY_16SUTS_5REPS_3ACCOUNTS_20260622_142827/account1/thefuck_25f/run_0022/0001-1/metrics/status.json	/home/jpaiva/projetos/bugsinpy_gpt55/out/_FINAL_GPT55_BUGSINPY_16SUTS_5REPS_3ACCOUNTS_20260622_142827/account1/thefuck_25f/run_0022/0001-1	/home/jpaiva/projetos/bugsinpy_gpt55/out/_FINAL_CONSOLIDATED_GPT55_BUGSINPY_80SLOTS_PREMUTATION_20260623_080030/account1/thefuck_25f/run_0022/0001-1	/home/jpaiva/projetos/bugsinpy_gpt55/out/_FINAL_CONSOLIDATED_GPT55_BUGSINPY_80SLOTS_PREMUTATION_20260623_080030/account1/thefuck_25f/run_0022/0001-1/metrics/status.json		
account1	23	thefuck_25f	thefuck.types	3	original	ok	true	1	0	0	0	1	0	100.0	100.0	100.0	100.0	100.0	100.0	True	/home/jpaiva/projetos/bugsinpy_gpt55/out/_FINAL_GPT55_BUGSINPY_16SUTS_5REPS_3ACCOUNTS_20260622_142827/account1/thefuck_25f/run_0023/0001-1/metrics/status.json	/home/jpaiva/projetos/bugsinpy_gpt55/out/_FINAL_GPT55_BUGSINPY_16SUTS_5REPS_3ACCOUNTS_20260622_142827/account1/thefuck_25f/run_0023/0001-1	/home/jpaiva/projetos/bugsinpy_gpt55/out/_FINAL_CONSOLIDATED_GPT55_BUGSINPY_80SLOTS_PREMUTATION_20260623_080030/account1/thefuck_25f/run_0023/0001-1	/home/jpaiva/projetos/bugsinpy_gpt55/out/_FINAL_CONSOLIDATED_GPT55_BUGSINPY_80SLOTS_PREMUTATION_20260623_080030/account1/thefuck_25f/run_0023/0001-1/metrics/status.json		
account1	24	thefuck_25f	thefuck.types	4	original	ok	true	1	0	0	0	1	0	100.0	100.0	100.0	100.0	100.0	100.0	True	/home/jpaiva/projetos/bugsinpy_gpt55/out/_FINAL_GPT55_BUGSINPY_16SUTS_5REPS_3ACCOUNTS_20260622_142827/account1/thefuck_25f/run_0024/0001-1/metrics/status.json	/home/jpaiva/projetos/bugsinpy_gpt55/out/_FINAL_GPT55_BUGSINPY_16SUTS_5REPS_3ACCOUNTS_20260622_142827/account1/thefuck_25f/run_0024/0001-1	/home/jpaiva/projetos/bugsinpy_gpt55/out/_FINAL_CONSOLIDATED_GPT55_BUGSINPY_80SLOTS_PREMUTATION_20260623_080030/account1/thefuck_25f/run_0024/0001-1	/home/jpaiva/projetos/bugsinpy_gpt55/out/_FINAL_CONSOLIDATED_GPT55_BUGSINPY_80SLOTS_PREMUTATION_20260623_080030/account1/thefuck_25f/run_0024/0001-1/metrics/status.json		
account1	25	thefuck_25f	thefuck.types	5	original	ok	true	1	0	0	0	1	0	100.0	100.0	100.0	100.0	100.0	100.0	True	/home/jpaiva/projetos/bugsinpy_gpt55/out/_FINAL_GPT55_BUGSINPY_16SUTS_5REPS_3ACCOUNTS_20260622_142827/account1/thefuck_25f/run_0025/0001-1/metrics/status.json	/home/jpaiva/projetos/bugsinpy_gpt55/out/_FINAL_GPT55_BUGSINPY_16SUTS_5REPS_3ACCOUNTS_20260622_142827/account1/thefuck_25f/run_0025/0001-1	/home/jpaiva/projetos/bugsinpy_gpt55/out/_FINAL_CONSOLIDATED_GPT55_BUGSINPY_80SLOTS_PREMUTATION_20260623_080030/account1/thefuck_25f/run_0025/0001-1	/home/jpaiva/projetos/bugsinpy_gpt55/out/_FINAL_CONSOLIDATED_GPT55_BUGSINPY_80SLOTS_PREMUTATION_20260623_080030/account1/thefuck_25f/run_0025/0001-1/metrics/status.json		
account1	26	youtube-dl_35f	youtube_dl.utils	1	original	pytest_raw_fail	true	1	0	1							0.0	0.0	0.0		/home/jpaiva/projetos/bugsinpy_gpt55/out/_FINAL_GPT55_BUGSINPY_16SUTS_5REPS_3ACCOUNTS_20260622_142827/account1/youtube-dl_35f/run_0026/0001-1/metrics/status.json	/home/jpaiva/projetos/bugsinpy_gpt55/out/_FINAL_GPT55_BUGSINPY_16SUTS_5REPS_3ACCOUNTS_20260622_142827/account1/youtube-dl_35f/run_0026/0001-1	/home/jpaiva/projetos/bugsinpy_gpt55/out/_FINAL_CONSOLIDATED_GPT55_BUGSINPY_80SLOTS_PREMUTATION_20260623_080030/account1/youtube-dl_35f/run_0026/0001-1	/home/jpaiva/projetos/bugsinpy_gpt55/out/_FINAL_CONSOLIDATED_GPT55_BUGSINPY_80SLOTS_PREMUTATION_20260623_080030/account1/youtube-dl_35f/run_0026/0001-1/metrics/status.json		
account1	27	youtube-dl_35f	youtube_dl.utils	2	original	pytest_raw_fail	true	1	0	1							0.0	0.0	0.0		/home/jpaiva/projetos/bugsinpy_gpt55/out/_FINAL_GPT55_BUGSINPY_16SUTS_5REPS_3ACCOUNTS_20260622_142827/account1/youtube-dl_35f/run_0027/0001-1/metrics/status.json	/home/jpaiva/projetos/bugsinpy_gpt55/out/_FINAL_GPT55_BUGSINPY_16SUTS_5REPS_3ACCOUNTS_20260622_142827/account1/youtube-dl_35f/run_0027/0001-1	/home/jpaiva/projetos/bugsinpy_gpt55/out/_FINAL_CONSOLIDATED_GPT55_BUGSINPY_80SLOTS_PREMUTATION_20260623_080030/account1/youtube-dl_35f/run_0027/0001-1	/home/jpaiva/projetos/bugsinpy_gpt55/out/_FINAL_CONSOLIDATED_GPT55_BUGSINPY_80SLOTS_PREMUTATION_20260623_080030/account1/youtube-dl_35f/run_0027/0001-1/metrics/status.json		
account1	28	youtube-dl_35f	youtube_dl.utils	3	original	pytest_raw_fail	true	1	0	1							0.0	0.0	0.0		/home/jpaiva/projetos/bugsinpy_gpt55/out/_FINAL_GPT55_BUGSINPY_16SUTS_5REPS_3ACCOUNTS_20260622_142827/account1/youtube-dl_35f/run_0028/0001-1/metrics/status.json	/home/jpaiva/projetos/bugsinpy_gpt55/out/_FINAL_GPT55_BUGSINPY_16SUTS_5REPS_3ACCOUNTS_20260622_142827/account1/youtube-dl_35f/run_0028/0001-1	/home/jpaiva/projetos/bugsinpy_gpt55/out/_FINAL_CONSOLIDATED_GPT55_BUGSINPY_80SLOTS_PREMUTATION_20260623_080030/account1/youtube-dl_35f/run_0028/0001-1	/home/jpaiva/projetos/bugsinpy_gpt55/out/_FINAL_CONSOLIDATED_GPT55_BUGSINPY_80SLOTS_PREMUTATION_20260623_080030/account1/youtube-dl_35f/run_0028/0001-1/metrics/status.json		
account1	29	youtube-dl_35f	youtube_dl.utils	4	resume	pytest_raw_fail	true	1	0	1							0.0	0.0	0.0		/home/jpaiva/projetos/bugsinpy_gpt55/out/_RESUME_GPT55_BUGSINPY_MISSING12_20260623_073437/account1/youtube-dl_35f/run_0029/0001-1/metrics/status.json	/home/jpaiva/projetos/bugsinpy_gpt55/out/_RESUME_GPT55_BUGSINPY_MISSING12_20260623_073437/account1/youtube-dl_35f/run_0029/0001-1	/home/jpaiva/projetos/bugsinpy_gpt55/out/_FINAL_CONSOLIDATED_GPT55_BUGSINPY_80SLOTS_PREMUTATION_20260623_080030/account1/youtube-dl_35f/run_0029/0001-1	/home/jpaiva/projetos/bugsinpy_gpt55/out/_FINAL_CONSOLIDATED_GPT55_BUGSINPY_80SLOTS_PREMUTATION_20260623_080030/account1/youtube-dl_35f/run_0029/0001-1/metrics/status.json	generation_no_output	/home/jpaiva/projetos/bugsinpy_gpt55/out/_FINAL_GPT55_BUGSINPY_16SUTS_5REPS_3ACCOUNTS_20260622_142827/account1/youtube-dl_35f/run_0029/0001-1/metrics/status.json
account1	30	youtube-dl_35f	youtube_dl.utils	5	resume	pytest_raw_fail	true	1	0	1							0.0	0.0	0.0		/home/jpaiva/projetos/bugsinpy_gpt55/out/_RESUME_GPT55_BUGSINPY_MISSING12_20260623_073437/account1/youtube-dl_35f/run_0030/0001-1/metrics/status.json	/home/jpaiva/projetos/bugsinpy_gpt55/out/_RESUME_GPT55_BUGSINPY_MISSING12_20260623_073437/account1/youtube-dl_35f/run_0030/0001-1	/home/jpaiva/projetos/bugsinpy_gpt55/out/_FINAL_CONSOLIDATED_GPT55_BUGSINPY_80SLOTS_PREMUTATION_20260623_080030/account1/youtube-dl_35f/run_0030/0001-1	/home/jpaiva/projetos/bugsinpy_gpt55/out/_FINAL_CONSOLIDATED_GPT55_BUGSINPY_80SLOTS_PREMUTATION_20260623_080030/account1/youtube-dl_35f/run_0030/0001-1/metrics/status.json		
account2	1	PySnooper_3f	pysnooper	1	original	pytest_raw_fail	true	1	0	1							0.0	0.0	0.0		/home/jpaiva/projetos/bugsinpy_gpt55/out/_FINAL_GPT55_BUGSINPY_16SUTS_5REPS_3ACCOUNTS_20260622_142827/account2/PySnooper_3f/run_0001/0001-1/metrics/status.json	/home/jpaiva/projetos/bugsinpy_gpt55/out/_FINAL_GPT55_BUGSINPY_16SUTS_5REPS_3ACCOUNTS_20260622_142827/account2/PySnooper_3f/run_0001/0001-1	/home/jpaiva/projetos/bugsinpy_gpt55/out/_FINAL_CONSOLIDATED_GPT55_BUGSINPY_80SLOTS_PREMUTATION_20260623_080030/account2/PySnooper_3f/run_0001/0001-1	/home/jpaiva/projetos/bugsinpy_gpt55/out/_FINAL_CONSOLIDATED_GPT55_BUGSINPY_80SLOTS_PREMUTATION_20260623_080030/account2/PySnooper_3f/run_0001/0001-1/metrics/status.json		
account2	2	PySnooper_3f	pysnooper	2	original	pytest_raw_fail	true	1	0	1							0.0	0.0	0.0		/home/jpaiva/projetos/bugsinpy_gpt55/out/_FINAL_GPT55_BUGSINPY_16SUTS_5REPS_3ACCOUNTS_20260622_142827/account2/PySnooper_3f/run_0002/0001-1/metrics/status.json	/home/jpaiva/projetos/bugsinpy_gpt55/out/_FINAL_GPT55_BUGSINPY_16SUTS_5REPS_3ACCOUNTS_20260622_142827/account2/PySnooper_3f/run_0002/0001-1	/home/jpaiva/projetos/bugsinpy_gpt55/out/_FINAL_CONSOLIDATED_GPT55_BUGSINPY_80SLOTS_PREMUTATION_20260623_080030/account2/PySnooper_3f/run_0002/0001-1	/home/jpaiva/projetos/bugsinpy_gpt55/out/_FINAL_CONSOLIDATED_GPT55_BUGSINPY_80SLOTS_PREMUTATION_20260623_080030/account2/PySnooper_3f/run_0002/0001-1/metrics/status.json		
account2	3	PySnooper_3f	pysnooper	3	original	pytest_raw_fail	true	1	0	1							0.0	0.0	0.0		/home/jpaiva/projetos/bugsinpy_gpt55/out/_FINAL_GPT55_BUGSINPY_16SUTS_5REPS_3ACCOUNTS_20260622_142827/account2/PySnooper_3f/run_0003/0001-1/metrics/status.json	/home/jpaiva/projetos/bugsinpy_gpt55/out/_FINAL_GPT55_BUGSINPY_16SUTS_5REPS_3ACCOUNTS_20260622_142827/account2/PySnooper_3f/run_0003/0001-1	/home/jpaiva/projetos/bugsinpy_gpt55/out/_FINAL_CONSOLIDATED_GPT55_BUGSINPY_80SLOTS_PREMUTATION_20260623_080030/account2/PySnooper_3f/run_0003/0001-1	/home/jpaiva/projetos/bugsinpy_gpt55/out/_FINAL_CONSOLIDATED_GPT55_BUGSINPY_80SLOTS_PREMUTATION_20260623_080030/account2/PySnooper_3f/run_0003/0001-1/metrics/status.json		
account2	4	PySnooper_3f	pysnooper	4	original	pytest_raw_fail	true	1	0	1							0.0	0.0	0.0		/home/jpaiva/projetos/bugsinpy_gpt55/out/_FINAL_GPT55_BUGSINPY_16SUTS_5REPS_3ACCOUNTS_20260622_142827/account2/PySnooper_3f/run_0004/0001-1/metrics/status.json	/home/jpaiva/projetos/bugsinpy_gpt55/out/_FINAL_GPT55_BUGSINPY_16SUTS_5REPS_3ACCOUNTS_20260622_142827/account2/PySnooper_3f/run_0004/0001-1	/home/jpaiva/projetos/bugsinpy_gpt55/out/_FINAL_CONSOLIDATED_GPT55_BUGSINPY_80SLOTS_PREMUTATION_20260623_080030/account2/PySnooper_3f/run_0004/0001-1	/home/jpaiva/projetos/bugsinpy_gpt55/out/_FINAL_CONSOLIDATED_GPT55_BUGSINPY_80SLOTS_PREMUTATION_20260623_080030/account2/PySnooper_3f/run_0004/0001-1/metrics/status.json		
account2	5	PySnooper_3f	pysnooper	5	original	pytest_raw_fail	true	1	0	1							0.0	0.0	0.0		/home/jpaiva/projetos/bugsinpy_gpt55/out/_FINAL_GPT55_BUGSINPY_16SUTS_5REPS_3ACCOUNTS_20260622_142827/account2/PySnooper_3f/run_0005/0001-1/metrics/status.json	/home/jpaiva/projetos/bugsinpy_gpt55/out/_FINAL_GPT55_BUGSINPY_16SUTS_5REPS_3ACCOUNTS_20260622_142827/account2/PySnooper_3f/run_0005/0001-1	/home/jpaiva/projetos/bugsinpy_gpt55/out/_FINAL_CONSOLIDATED_GPT55_BUGSINPY_80SLOTS_PREMUTATION_20260623_080030/account2/PySnooper_3f/run_0005/0001-1	/home/jpaiva/projetos/bugsinpy_gpt55/out/_FINAL_CONSOLIDATED_GPT55_BUGSINPY_80SLOTS_PREMUTATION_20260623_080030/account2/PySnooper_3f/run_0005/0001-1/metrics/status.json		
account2	6	black_2f	blib2to3.pgen2.token	1	original	ok	true	1	0	0	0	1	0	100.0	100.0	100.0	100.0	100.0	100.0	True	/home/jpaiva/projetos/bugsinpy_gpt55/out/_FINAL_GPT55_BUGSINPY_16SUTS_5REPS_3ACCOUNTS_20260622_142827/account2/black_2f/run_0006/0001-1/metrics/status.json	/home/jpaiva/projetos/bugsinpy_gpt55/out/_FINAL_GPT55_BUGSINPY_16SUTS_5REPS_3ACCOUNTS_20260622_142827/account2/black_2f/run_0006/0001-1	/home/jpaiva/projetos/bugsinpy_gpt55/out/_FINAL_CONSOLIDATED_GPT55_BUGSINPY_80SLOTS_PREMUTATION_20260623_080030/account2/black_2f/run_0006/0001-1	/home/jpaiva/projetos/bugsinpy_gpt55/out/_FINAL_CONSOLIDATED_GPT55_BUGSINPY_80SLOTS_PREMUTATION_20260623_080030/account2/black_2f/run_0006/0001-1/metrics/status.json		
account2	7	black_2f	blib2to3.pgen2.token	2	original	ok	true	1	0	0	0	1	0	100.0	100.0	100.0	100.0	100.0	100.0	True	/home/jpaiva/projetos/bugsinpy_gpt55/out/_FINAL_GPT55_BUGSINPY_16SUTS_5REPS_3ACCOUNTS_20260622_142827/account2/black_2f/run_0007/0001-1/metrics/status.json	/home/jpaiva/projetos/bugsinpy_gpt55/out/_FINAL_GPT55_BUGSINPY_16SUTS_5REPS_3ACCOUNTS_20260622_142827/account2/black_2f/run_0007/0001-1	/home/jpaiva/projetos/bugsinpy_gpt55/out/_FINAL_CONSOLIDATED_GPT55_BUGSINPY_80SLOTS_PREMUTATION_20260623_080030/account2/black_2f/run_0007/0001-1	/home/jpaiva/projetos/bugsinpy_gpt55/out/_FINAL_CONSOLIDATED_GPT55_BUGSINPY_80SLOTS_PREMUTATION_20260623_080030/account2/black_2f/run_0007/0001-1/metrics/status.json		
account2	8	black_2f	blib2to3.pgen2.token	3	original	ok	true	1	0	0	0	1	0	100.0	100.0	100.0	100.0	100.0	100.0	True	/home/jpaiva/projetos/bugsinpy_gpt55/out/_FINAL_GPT55_BUGSINPY_16SUTS_5REPS_3ACCOUNTS_20260622_142827/account2/black_2f/run_0008/0001-1/metrics/status.json	/home/jpaiva/projetos/bugsinpy_gpt55/out/_FINAL_GPT55_BUGSINPY_16SUTS_5REPS_3ACCOUNTS_20260622_142827/account2/black_2f/run_0008/0001-1	/home/jpaiva/projetos/bugsinpy_gpt55/out/_FINAL_CONSOLIDATED_GPT55_BUGSINPY_80SLOTS_PREMUTATION_20260623_080030/account2/black_2f/run_0008/0001-1	/home/jpaiva/projetos/bugsinpy_gpt55/out/_FINAL_CONSOLIDATED_GPT55_BUGSINPY_80SLOTS_PREMUTATION_20260623_080030/account2/black_2f/run_0008/0001-1/metrics/status.json		
account2	9	black_2f	blib2to3.pgen2.token	4	original	ok	true	1	0	0	0	1	0	100.0	100.0	100.0	100.0	100.0	100.0	True	/home/jpaiva/projetos/bugsinpy_gpt55/out/_FINAL_GPT55_BUGSINPY_16SUTS_5REPS_3ACCOUNTS_20260622_142827/account2/black_2f/run_0009/0001-1/metrics/status.json	/home/jpaiva/projetos/bugsinpy_gpt55/out/_FINAL_GPT55_BUGSINPY_16SUTS_5REPS_3ACCOUNTS_20260622_142827/account2/black_2f/run_0009/0001-1	/home/jpaiva/projetos/bugsinpy_gpt55/out/_FINAL_CONSOLIDATED_GPT55_BUGSINPY_80SLOTS_PREMUTATION_20260623_080030/account2/black_2f/run_0009/0001-1	/home/jpaiva/projetos/bugsinpy_gpt55/out/_FINAL_CONSOLIDATED_GPT55_BUGSINPY_80SLOTS_PREMUTATION_20260623_080030/account2/black_2f/run_0009/0001-1/metrics/status.json		
account2	10	black_2f	blib2to3.pgen2.token	5	original	ok	true	1	0	0	0	1	0	100.0	100.0	100.0	100.0	100.0	100.0	True	/home/jpaiva/projetos/bugsinpy_gpt55/out/_FINAL_GPT55_BUGSINPY_16SUTS_5REPS_3ACCOUNTS_20260622_142827/account2/black_2f/run_0010/0001-1/metrics/status.json	/home/jpaiva/projetos/bugsinpy_gpt55/out/_FINAL_GPT55_BUGSINPY_16SUTS_5REPS_3ACCOUNTS_20260622_142827/account2/black_2f/run_0010/0001-1	/home/jpaiva/projetos/bugsinpy_gpt55/out/_FINAL_CONSOLIDATED_GPT55_BUGSINPY_80SLOTS_PREMUTATION_20260623_080030/account2/black_2f/run_0010/0001-1	/home/jpaiva/projetos/bugsinpy_gpt55/out/_FINAL_CONSOLIDATED_GPT55_BUGSINPY_80SLOTS_PREMUTATION_20260623_080030/account2/black_2f/run_0010/0001-1/metrics/status.json		
account2	11	cookiecutter_3f	cookiecutter.log	1	original	pytest_raw_fail	true	1	0	1							0.0	0.0	0.0		/home/jpaiva/projetos/bugsinpy_gpt55/out/_FINAL_GPT55_BUGSINPY_16SUTS_5REPS_3ACCOUNTS_20260622_142827/account2/cookiecutter_3f/run_0011/0001-1/metrics/status.json	/home/jpaiva/projetos/bugsinpy_gpt55/out/_FINAL_GPT55_BUGSINPY_16SUTS_5REPS_3ACCOUNTS_20260622_142827/account2/cookiecutter_3f/run_0011/0001-1	/home/jpaiva/projetos/bugsinpy_gpt55/out/_FINAL_CONSOLIDATED_GPT55_BUGSINPY_80SLOTS_PREMUTATION_20260623_080030/account2/cookiecutter_3f/run_0011/0001-1	/home/jpaiva/projetos/bugsinpy_gpt55/out/_FINAL_CONSOLIDATED_GPT55_BUGSINPY_80SLOTS_PREMUTATION_20260623_080030/account2/cookiecutter_3f/run_0011/0001-1/metrics/status.json		
account2	12	cookiecutter_3f	cookiecutter.log	2	original	pytest_raw_fail	true	1	0	1							0.0	0.0	0.0		/home/jpaiva/projetos/bugsinpy_gpt55/out/_FINAL_GPT55_BUGSINPY_16SUTS_5REPS_3ACCOUNTS_20260622_142827/account2/cookiecutter_3f/run_0012/0001-1/metrics/status.json	/home/jpaiva/projetos/bugsinpy_gpt55/out/_FINAL_GPT55_BUGSINPY_16SUTS_5REPS_3ACCOUNTS_20260622_142827/account2/cookiecutter_3f/run_0012/0001-1	/home/jpaiva/projetos/bugsinpy_gpt55/out/_FINAL_CONSOLIDATED_GPT55_BUGSINPY_80SLOTS_PREMUTATION_20260623_080030/account2/cookiecutter_3f/run_0012/0001-1	/home/jpaiva/projetos/bugsinpy_gpt55/out/_FINAL_CONSOLIDATED_GPT55_BUGSINPY_80SLOTS_PREMUTATION_20260623_080030/account2/cookiecutter_3f/run_0012/0001-1/metrics/status.json		
account2	13	cookiecutter_3f	cookiecutter.log	3	original	ok	true	1	0	0	0	1	0	100.0	100.0	100.0	100.0	100.0	100.0	True	/home/jpaiva/projetos/bugsinpy_gpt55/out/_FINAL_GPT55_BUGSINPY_16SUTS_5REPS_3ACCOUNTS_20260622_142827/account2/cookiecutter_3f/run_0013/0001-1/metrics/status.json	/home/jpaiva/projetos/bugsinpy_gpt55/out/_FINAL_GPT55_BUGSINPY_16SUTS_5REPS_3ACCOUNTS_20260622_142827/account2/cookiecutter_3f/run_0013/0001-1	/home/jpaiva/projetos/bugsinpy_gpt55/out/_FINAL_CONSOLIDATED_GPT55_BUGSINPY_80SLOTS_PREMUTATION_20260623_080030/account2/cookiecutter_3f/run_0013/0001-1	/home/jpaiva/projetos/bugsinpy_gpt55/out/_FINAL_CONSOLIDATED_GPT55_BUGSINPY_80SLOTS_PREMUTATION_20260623_080030/account2/cookiecutter_3f/run_0013/0001-1/metrics/status.json		
account2	14	cookiecutter_3f	cookiecutter.log	4	original	ok	true	1	0	0	0	1	0	100.0	100.0	100.0	100.0	100.0	100.0	True	/home/jpaiva/projetos/bugsinpy_gpt55/out/_FINAL_GPT55_BUGSINPY_16SUTS_5REPS_3ACCOUNTS_20260622_142827/account2/cookiecutter_3f/run_0014/0001-1/metrics/status.json	/home/jpaiva/projetos/bugsinpy_gpt55/out/_FINAL_GPT55_BUGSINPY_16SUTS_5REPS_3ACCOUNTS_20260622_142827/account2/cookiecutter_3f/run_0014/0001-1	/home/jpaiva/projetos/bugsinpy_gpt55/out/_FINAL_CONSOLIDATED_GPT55_BUGSINPY_80SLOTS_PREMUTATION_20260623_080030/account2/cookiecutter_3f/run_0014/0001-1	/home/jpaiva/projetos/bugsinpy_gpt55/out/_FINAL_CONSOLIDATED_GPT55_BUGSINPY_80SLOTS_PREMUTATION_20260623_080030/account2/cookiecutter_3f/run_0014/0001-1/metrics/status.json		
account2	15	cookiecutter_3f	cookiecutter.log	5	original	pytest_raw_fail	true	1	0	1							0.0	0.0	0.0		/home/jpaiva/projetos/bugsinpy_gpt55/out/_FINAL_GPT55_BUGSINPY_16SUTS_5REPS_3ACCOUNTS_20260622_142827/account2/cookiecutter_3f/run_0015/0001-1/metrics/status.json	/home/jpaiva/projetos/bugsinpy_gpt55/out/_FINAL_GPT55_BUGSINPY_16SUTS_5REPS_3ACCOUNTS_20260622_142827/account2/cookiecutter_3f/run_0015/0001-1	/home/jpaiva/projetos/bugsinpy_gpt55/out/_FINAL_CONSOLIDATED_GPT55_BUGSINPY_80SLOTS_PREMUTATION_20260623_080030/account2/cookiecutter_3f/run_0015/0001-1	/home/jpaiva/projetos/bugsinpy_gpt55/out/_FINAL_CONSOLIDATED_GPT55_BUGSINPY_80SLOTS_PREMUTATION_20260623_080030/account2/cookiecutter_3f/run_0015/0001-1/metrics/status.json		
account2	16	matplotlib_16f	matplotlib.cbook	1	original	pytest_raw_fail	true	1	0	1							0.0	0.0	0.0		/home/jpaiva/projetos/bugsinpy_gpt55/out/_FINAL_GPT55_BUGSINPY_16SUTS_5REPS_3ACCOUNTS_20260622_142827/account2/matplotlib_16f/run_0016/0001-1/metrics/status.json	/home/jpaiva/projetos/bugsinpy_gpt55/out/_FINAL_GPT55_BUGSINPY_16SUTS_5REPS_3ACCOUNTS_20260622_142827/account2/matplotlib_16f/run_0016/0001-1	/home/jpaiva/projetos/bugsinpy_gpt55/out/_FINAL_CONSOLIDATED_GPT55_BUGSINPY_80SLOTS_PREMUTATION_20260623_080030/account2/matplotlib_16f/run_0016/0001-1	/home/jpaiva/projetos/bugsinpy_gpt55/out/_FINAL_CONSOLIDATED_GPT55_BUGSINPY_80SLOTS_PREMUTATION_20260623_080030/account2/matplotlib_16f/run_0016/0001-1/metrics/status.json		
account2	17	matplotlib_16f	matplotlib.cbook	2	original	pytest_raw_fail	true	1	0	1							0.0	0.0	0.0		/home/jpaiva/projetos/bugsinpy_gpt55/out/_FINAL_GPT55_BUGSINPY_16SUTS_5REPS_3ACCOUNTS_20260622_142827/account2/matplotlib_16f/run_0017/0001-1/metrics/status.json	/home/jpaiva/projetos/bugsinpy_gpt55/out/_FINAL_GPT55_BUGSINPY_16SUTS_5REPS_3ACCOUNTS_20260622_142827/account2/matplotlib_16f/run_0017/0001-1	/home/jpaiva/projetos/bugsinpy_gpt55/out/_FINAL_CONSOLIDATED_GPT55_BUGSINPY_80SLOTS_PREMUTATION_20260623_080030/account2/matplotlib_16f/run_0017/0001-1	/home/jpaiva/projetos/bugsinpy_gpt55/out/_FINAL_CONSOLIDATED_GPT55_BUGSINPY_80SLOTS_PREMUTATION_20260623_080030/account2/matplotlib_16f/run_0017/0001-1/metrics/status.json		
account2	18	matplotlib_16f	matplotlib.cbook	3	original	pytest_raw_fail	true	1	0	1							0.0	0.0	0.0		/home/jpaiva/projetos/bugsinpy_gpt55/out/_FINAL_GPT55_BUGSINPY_16SUTS_5REPS_3ACCOUNTS_20260622_142827/account2/matplotlib_16f/run_0018/0001-1/metrics/status.json	/home/jpaiva/projetos/bugsinpy_gpt55/out/_FINAL_GPT55_BUGSINPY_16SUTS_5REPS_3ACCOUNTS_20260622_142827/account2/matplotlib_16f/run_0018/0001-1	/home/jpaiva/projetos/bugsinpy_gpt55/out/_FINAL_CONSOLIDATED_GPT55_BUGSINPY_80SLOTS_PREMUTATION_20260623_080030/account2/matplotlib_16f/run_0018/0001-1	/home/jpaiva/projetos/bugsinpy_gpt55/out/_FINAL_CONSOLIDATED_GPT55_BUGSINPY_80SLOTS_PREMUTATION_20260623_080030/account2/matplotlib_16f/run_0018/0001-1/metrics/status.json		
account2	19	matplotlib_16f	matplotlib.cbook	4	original	pytest_raw_fail	true	1	0	1							0.0	0.0	0.0		/home/jpaiva/projetos/bugsinpy_gpt55/out/_FINAL_GPT55_BUGSINPY_16SUTS_5REPS_3ACCOUNTS_20260622_142827/account2/matplotlib_16f/run_0019/0001-1/metrics/status.json	/home/jpaiva/projetos/bugsinpy_gpt55/out/_FINAL_GPT55_BUGSINPY_16SUTS_5REPS_3ACCOUNTS_20260622_142827/account2/matplotlib_16f/run_0019/0001-1	/home/jpaiva/projetos/bugsinpy_gpt55/out/_FINAL_CONSOLIDATED_GPT55_BUGSINPY_80SLOTS_PREMUTATION_20260623_080030/account2/matplotlib_16f/run_0019/0001-1	/home/jpaiva/projetos/bugsinpy_gpt55/out/_FINAL_CONSOLIDATED_GPT55_BUGSINPY_80SLOTS_PREMUTATION_20260623_080030/account2/matplotlib_16f/run_0019/0001-1/metrics/status.json		
account2	20	matplotlib_16f	matplotlib.cbook	5	original	pytest_raw_fail	true	1	0	1							0.0	0.0	0.0		/home/jpaiva/projetos/bugsinpy_gpt55/out/_FINAL_GPT55_BUGSINPY_16SUTS_5REPS_3ACCOUNTS_20260622_142827/account2/matplotlib_16f/run_0020/0001-1/metrics/status.json	/home/jpaiva/projetos/bugsinpy_gpt55/out/_FINAL_GPT55_BUGSINPY_16SUTS_5REPS_3ACCOUNTS_20260622_142827/account2/matplotlib_16f/run_0020/0001-1	/home/jpaiva/projetos/bugsinpy_gpt55/out/_FINAL_CONSOLIDATED_GPT55_BUGSINPY_80SLOTS_PREMUTATION_20260623_080030/account2/matplotlib_16f/run_0020/0001-1	/home/jpaiva/projetos/bugsinpy_gpt55/out/_FINAL_CONSOLIDATED_GPT55_BUGSINPY_80SLOTS_PREMUTATION_20260623_080030/account2/matplotlib_16f/run_0020/0001-1/metrics/status.json		
account2	21	tornado_14f	tornado.escape	1	resume	ok	true	2	1	0	0	1	0	89.86	83.87	73.45971563981043	89.86	83.87	73.45971563981043	True	/home/jpaiva/projetos/bugsinpy_gpt55/out/_RESUME_GPT55_BUGSINPY_MISSING12_20260623_073437/account2/tornado_14f/run_0021/0001-1/metrics/status.json	/home/jpaiva/projetos/bugsinpy_gpt55/out/_RESUME_GPT55_BUGSINPY_MISSING12_20260623_073437/account2/tornado_14f/run_0021/0001-1	/home/jpaiva/projetos/bugsinpy_gpt55/out/_FINAL_CONSOLIDATED_GPT55_BUGSINPY_80SLOTS_PREMUTATION_20260623_080030/account2/tornado_14f/run_0021/0001-1	/home/jpaiva/projetos/bugsinpy_gpt55/out/_FINAL_CONSOLIDATED_GPT55_BUGSINPY_80SLOTS_PREMUTATION_20260623_080030/account2/tornado_14f/run_0021/0001-1/metrics/status.json	generation_no_output	/home/jpaiva/projetos/bugsinpy_gpt55/out/_FINAL_GPT55_BUGSINPY_16SUTS_5REPS_3ACCOUNTS_20260622_142827/account2/tornado_14f/run_0021/0001-1/metrics/status.json
account2	22	tornado_14f	tornado.escape	2	resume	ok	true	1	0	0	0	1	0	88.51	83.87	74.88151658767772	88.51	83.87	74.88151658767772	True	/home/jpaiva/projetos/bugsinpy_gpt55/out/_RESUME_GPT55_BUGSINPY_MISSING12_20260623_073437/account2/tornado_14f/run_0022/0001-1/metrics/status.json	/home/jpaiva/projetos/bugsinpy_gpt55/out/_RESUME_GPT55_BUGSINPY_MISSING12_20260623_073437/account2/tornado_14f/run_0022/0001-1	/home/jpaiva/projetos/bugsinpy_gpt55/out/_FINAL_CONSOLIDATED_GPT55_BUGSINPY_80SLOTS_PREMUTATION_20260623_080030/account2/tornado_14f/run_0022/0001-1	/home/jpaiva/projetos/bugsinpy_gpt55/out/_FINAL_CONSOLIDATED_GPT55_BUGSINPY_80SLOTS_PREMUTATION_20260623_080030/account2/tornado_14f/run_0022/0001-1/metrics/status.json		
account2	23	tornado_14f	tornado.escape	3	resume	pytest_raw_fail	true	1	0	1							0.0	0.0	0.0		/home/jpaiva/projetos/bugsinpy_gpt55/out/_RESUME_GPT55_BUGSINPY_MISSING12_20260623_073437/account2/tornado_14f/run_0023/0001-1/metrics/status.json	/home/jpaiva/projetos/bugsinpy_gpt55/out/_RESUME_GPT55_BUGSINPY_MISSING12_20260623_073437/account2/tornado_14f/run_0023/0001-1	/home/jpaiva/projetos/bugsinpy_gpt55/out/_FINAL_CONSOLIDATED_GPT55_BUGSINPY_80SLOTS_PREMUTATION_20260623_080030/account2/tornado_14f/run_0023/0001-1	/home/jpaiva/projetos/bugsinpy_gpt55/out/_FINAL_CONSOLIDATED_GPT55_BUGSINPY_80SLOTS_PREMUTATION_20260623_080030/account2/tornado_14f/run_0023/0001-1/metrics/status.json		
account2	24	tornado_14f	tornado.escape	4	resume	pytest_raw_fail	true	1	0	1							0.0	0.0	0.0		/home/jpaiva/projetos/bugsinpy_gpt55/out/_RESUME_GPT55_BUGSINPY_MISSING12_20260623_073437/account2/tornado_14f/run_0024/0001-1/metrics/status.json	/home/jpaiva/projetos/bugsinpy_gpt55/out/_RESUME_GPT55_BUGSINPY_MISSING12_20260623_073437/account2/tornado_14f/run_0024/0001-1	/home/jpaiva/projetos/bugsinpy_gpt55/out/_FINAL_CONSOLIDATED_GPT55_BUGSINPY_80SLOTS_PREMUTATION_20260623_080030/account2/tornado_14f/run_0024/0001-1	/home/jpaiva/projetos/bugsinpy_gpt55/out/_FINAL_CONSOLIDATED_GPT55_BUGSINPY_80SLOTS_PREMUTATION_20260623_080030/account2/tornado_14f/run_0024/0001-1/metrics/status.json		
account2	25	tornado_14f	tornado.escape	5	resume	pytest_raw_fail	true	1	0	1							0.0	0.0	0.0		/home/jpaiva/projetos/bugsinpy_gpt55/out/_RESUME_GPT55_BUGSINPY_MISSING12_20260623_073437/account2/tornado_14f/run_0025/0001-1/metrics/status.json	/home/jpaiva/projetos/bugsinpy_gpt55/out/_RESUME_GPT55_BUGSINPY_MISSING12_20260623_073437/account2/tornado_14f/run_0025/0001-1	/home/jpaiva/projetos/bugsinpy_gpt55/out/_FINAL_CONSOLIDATED_GPT55_BUGSINPY_80SLOTS_PREMUTATION_20260623_080030/account2/tornado_14f/run_0025/0001-1	/home/jpaiva/projetos/bugsinpy_gpt55/out/_FINAL_CONSOLIDATED_GPT55_BUGSINPY_80SLOTS_PREMUTATION_20260623_080030/account2/tornado_14f/run_0025/0001-1/metrics/status.json		
account3	1	ansible_14f	ansible.utils.unicode	1	original	ok	true	1	0	0	0	1	0	63.46	37.5	0.0	63.46	37.5	0.0	True	/home/jpaiva/projetos/bugsinpy_gpt55/out/_FINAL_GPT55_BUGSINPY_16SUTS_5REPS_3ACCOUNTS_20260622_142827/account3/ansible_14f/run_0001/0001-1/metrics/status.json	/home/jpaiva/projetos/bugsinpy_gpt55/out/_FINAL_GPT55_BUGSINPY_16SUTS_5REPS_3ACCOUNTS_20260622_142827/account3/ansible_14f/run_0001/0001-1	/home/jpaiva/projetos/bugsinpy_gpt55/out/_FINAL_CONSOLIDATED_GPT55_BUGSINPY_80SLOTS_PREMUTATION_20260623_080030/account3/ansible_14f/run_0001/0001-1	/home/jpaiva/projetos/bugsinpy_gpt55/out/_FINAL_CONSOLIDATED_GPT55_BUGSINPY_80SLOTS_PREMUTATION_20260623_080030/account3/ansible_14f/run_0001/0001-1/metrics/status.json		
account3	2	ansible_14f	ansible.utils.unicode	2	original	pytest_raw_fail	true	1	0	1							0.0	0.0	0.0		/home/jpaiva/projetos/bugsinpy_gpt55/out/_FINAL_GPT55_BUGSINPY_16SUTS_5REPS_3ACCOUNTS_20260622_142827/account3/ansible_14f/run_0002/0001-1/metrics/status.json	/home/jpaiva/projetos/bugsinpy_gpt55/out/_FINAL_GPT55_BUGSINPY_16SUTS_5REPS_3ACCOUNTS_20260622_142827/account3/ansible_14f/run_0002/0001-1	/home/jpaiva/projetos/bugsinpy_gpt55/out/_FINAL_CONSOLIDATED_GPT55_BUGSINPY_80SLOTS_PREMUTATION_20260623_080030/account3/ansible_14f/run_0002/0001-1	/home/jpaiva/projetos/bugsinpy_gpt55/out/_FINAL_CONSOLIDATED_GPT55_BUGSINPY_80SLOTS_PREMUTATION_20260623_080030/account3/ansible_14f/run_0002/0001-1/metrics/status.json		
account3	3	ansible_14f	ansible.utils.unicode	3	original	ok	true	1	0	0	0	1	0	63.46	37.5	0.0	63.46	37.5	0.0	True	/home/jpaiva/projetos/bugsinpy_gpt55/out/_FINAL_GPT55_BUGSINPY_16SUTS_5REPS_3ACCOUNTS_20260622_142827/account3/ansible_14f/run_0003/0001-1/metrics/status.json	/home/jpaiva/projetos/bugsinpy_gpt55/out/_FINAL_GPT55_BUGSINPY_16SUTS_5REPS_3ACCOUNTS_20260622_142827/account3/ansible_14f/run_0003/0001-1	/home/jpaiva/projetos/bugsinpy_gpt55/out/_FINAL_CONSOLIDATED_GPT55_BUGSINPY_80SLOTS_PREMUTATION_20260623_080030/account3/ansible_14f/run_0003/0001-1	/home/jpaiva/projetos/bugsinpy_gpt55/out/_FINAL_CONSOLIDATED_GPT55_BUGSINPY_80SLOTS_PREMUTATION_20260623_080030/account3/ansible_14f/run_0003/0001-1/metrics/status.json		
account3	4	ansible_14f	ansible.utils.unicode	4	original	pytest_raw_fail	true	1	0	1							0.0	0.0	0.0		/home/jpaiva/projetos/bugsinpy_gpt55/out/_FINAL_GPT55_BUGSINPY_16SUTS_5REPS_3ACCOUNTS_20260622_142827/account3/ansible_14f/run_0004/0001-1/metrics/status.json	/home/jpaiva/projetos/bugsinpy_gpt55/out/_FINAL_GPT55_BUGSINPY_16SUTS_5REPS_3ACCOUNTS_20260622_142827/account3/ansible_14f/run_0004/0001-1	/home/jpaiva/projetos/bugsinpy_gpt55/out/_FINAL_CONSOLIDATED_GPT55_BUGSINPY_80SLOTS_PREMUTATION_20260623_080030/account3/ansible_14f/run_0004/0001-1	/home/jpaiva/projetos/bugsinpy_gpt55/out/_FINAL_CONSOLIDATED_GPT55_BUGSINPY_80SLOTS_PREMUTATION_20260623_080030/account3/ansible_14f/run_0004/0001-1/metrics/status.json		
account3	5	ansible_14f	ansible.utils.unicode	5	original	pytest_raw_fail	true	1	0	1							0.0	0.0	0.0		/home/jpaiva/projetos/bugsinpy_gpt55/out/_FINAL_GPT55_BUGSINPY_16SUTS_5REPS_3ACCOUNTS_20260622_142827/account3/ansible_14f/run_0005/0001-1/metrics/status.json	/home/jpaiva/projetos/bugsinpy_gpt55/out/_FINAL_GPT55_BUGSINPY_16SUTS_5REPS_3ACCOUNTS_20260622_142827/account3/ansible_14f/run_0005/0001-1	/home/jpaiva/projetos/bugsinpy_gpt55/out/_FINAL_CONSOLIDATED_GPT55_BUGSINPY_80SLOTS_PREMUTATION_20260623_080030/account3/ansible_14f/run_0005/0001-1	/home/jpaiva/projetos/bugsinpy_gpt55/out/_FINAL_CONSOLIDATED_GPT55_BUGSINPY_80SLOTS_PREMUTATION_20260623_080030/account3/ansible_14f/run_0005/0001-1/metrics/status.json		
account3	6	black_5f	blib2to3.pgen2.driver	1	original	ok	true	1	0	0	0	1	0	76.51	68.75	44.554455445544555	76.51	68.75	44.554455445544555	True	/home/jpaiva/projetos/bugsinpy_gpt55/out/_FINAL_GPT55_BUGSINPY_16SUTS_5REPS_3ACCOUNTS_20260622_142827/account3/black_5f/run_0006/0001-1/metrics/status.json	/home/jpaiva/projetos/bugsinpy_gpt55/out/_FINAL_GPT55_BUGSINPY_16SUTS_5REPS_3ACCOUNTS_20260622_142827/account3/black_5f/run_0006/0001-1	/home/jpaiva/projetos/bugsinpy_gpt55/out/_FINAL_CONSOLIDATED_GPT55_BUGSINPY_80SLOTS_PREMUTATION_20260623_080030/account3/black_5f/run_0006/0001-1	/home/jpaiva/projetos/bugsinpy_gpt55/out/_FINAL_CONSOLIDATED_GPT55_BUGSINPY_80SLOTS_PREMUTATION_20260623_080030/account3/black_5f/run_0006/0001-1/metrics/status.json		
account3	7	black_5f	blib2to3.pgen2.driver	2	original	pytest_raw_fail	true	1	0	1							0.0	0.0	0.0		/home/jpaiva/projetos/bugsinpy_gpt55/out/_FINAL_GPT55_BUGSINPY_16SUTS_5REPS_3ACCOUNTS_20260622_142827/account3/black_5f/run_0007/0001-1/metrics/status.json	/home/jpaiva/projetos/bugsinpy_gpt55/out/_FINAL_GPT55_BUGSINPY_16SUTS_5REPS_3ACCOUNTS_20260622_142827/account3/black_5f/run_0007/0001-1	/home/jpaiva/projetos/bugsinpy_gpt55/out/_FINAL_CONSOLIDATED_GPT55_BUGSINPY_80SLOTS_PREMUTATION_20260623_080030/account3/black_5f/run_0007/0001-1	/home/jpaiva/projetos/bugsinpy_gpt55/out/_FINAL_CONSOLIDATED_GPT55_BUGSINPY_80SLOTS_PREMUTATION_20260623_080030/account3/black_5f/run_0007/0001-1/metrics/status.json		
account3	8	black_5f	blib2to3.pgen2.driver	3	original	ok	true	1	0	0	0	1	0	55.03	42.19	31.02310231023102	55.03	42.19	31.02310231023102	True	/home/jpaiva/projetos/bugsinpy_gpt55/out/_FINAL_GPT55_BUGSINPY_16SUTS_5REPS_3ACCOUNTS_20260622_142827/account3/black_5f/run_0008/0001-1/metrics/status.json	/home/jpaiva/projetos/bugsinpy_gpt55/out/_FINAL_GPT55_BUGSINPY_16SUTS_5REPS_3ACCOUNTS_20260622_142827/account3/black_5f/run_0008/0001-1	/home/jpaiva/projetos/bugsinpy_gpt55/out/_FINAL_CONSOLIDATED_GPT55_BUGSINPY_80SLOTS_PREMUTATION_20260623_080030/account3/black_5f/run_0008/0001-1	/home/jpaiva/projetos/bugsinpy_gpt55/out/_FINAL_CONSOLIDATED_GPT55_BUGSINPY_80SLOTS_PREMUTATION_20260623_080030/account3/black_5f/run_0008/0001-1/metrics/status.json		
account3	9	black_5f	blib2to3.pgen2.driver	4	original	pytest_raw_fail	true	1	0	1							0.0	0.0	0.0		/home/jpaiva/projetos/bugsinpy_gpt55/out/_FINAL_GPT55_BUGSINPY_16SUTS_5REPS_3ACCOUNTS_20260622_142827/account3/black_5f/run_0009/0001-1/metrics/status.json	/home/jpaiva/projetos/bugsinpy_gpt55/out/_FINAL_GPT55_BUGSINPY_16SUTS_5REPS_3ACCOUNTS_20260622_142827/account3/black_5f/run_0009/0001-1	/home/jpaiva/projetos/bugsinpy_gpt55/out/_FINAL_CONSOLIDATED_GPT55_BUGSINPY_80SLOTS_PREMUTATION_20260623_080030/account3/black_5f/run_0009/0001-1	/home/jpaiva/projetos/bugsinpy_gpt55/out/_FINAL_CONSOLIDATED_GPT55_BUGSINPY_80SLOTS_PREMUTATION_20260623_080030/account3/black_5f/run_0009/0001-1/metrics/status.json		
account3	10	black_5f	blib2to3.pgen2.driver	5	original	pytest_raw_fail	true	1	0	1							0.0	0.0	0.0		/home/jpaiva/projetos/bugsinpy_gpt55/out/_FINAL_GPT55_BUGSINPY_16SUTS_5REPS_3ACCOUNTS_20260622_142827/account3/black_5f/run_0010/0001-1/metrics/status.json	/home/jpaiva/projetos/bugsinpy_gpt55/out/_FINAL_GPT55_BUGSINPY_16SUTS_5REPS_3ACCOUNTS_20260622_142827/account3/black_5f/run_0010/0001-1	/home/jpaiva/projetos/bugsinpy_gpt55/out/_FINAL_CONSOLIDATED_GPT55_BUGSINPY_80SLOTS_PREMUTATION_20260623_080030/account3/black_5f/run_0010/0001-1	/home/jpaiva/projetos/bugsinpy_gpt55/out/_FINAL_CONSOLIDATED_GPT55_BUGSINPY_80SLOTS_PREMUTATION_20260623_080030/account3/black_5f/run_0010/0001-1/metrics/status.json		
account3	11	httpie_1f	httpie.sessions	1	original	pytest_raw_fail	true	1	0	1							0.0	0.0	0.0		/home/jpaiva/projetos/bugsinpy_gpt55/out/_FINAL_GPT55_BUGSINPY_16SUTS_5REPS_3ACCOUNTS_20260622_142827/account3/httpie_1f/run_0011/0001-1/metrics/status.json	/home/jpaiva/projetos/bugsinpy_gpt55/out/_FINAL_GPT55_BUGSINPY_16SUTS_5REPS_3ACCOUNTS_20260622_142827/account3/httpie_1f/run_0011/0001-1	/home/jpaiva/projetos/bugsinpy_gpt55/out/_FINAL_CONSOLIDATED_GPT55_BUGSINPY_80SLOTS_PREMUTATION_20260623_080030/account3/httpie_1f/run_0011/0001-1	/home/jpaiva/projetos/bugsinpy_gpt55/out/_FINAL_CONSOLIDATED_GPT55_BUGSINPY_80SLOTS_PREMUTATION_20260623_080030/account3/httpie_1f/run_0011/0001-1/metrics/status.json		
account3	12	httpie_1f	httpie.sessions	2	original	pytest_raw_fail	true	1	0	1							0.0	0.0	0.0		/home/jpaiva/projetos/bugsinpy_gpt55/out/_FINAL_GPT55_BUGSINPY_16SUTS_5REPS_3ACCOUNTS_20260622_142827/account3/httpie_1f/run_0012/0001-1/metrics/status.json	/home/jpaiva/projetos/bugsinpy_gpt55/out/_FINAL_GPT55_BUGSINPY_16SUTS_5REPS_3ACCOUNTS_20260622_142827/account3/httpie_1f/run_0012/0001-1	/home/jpaiva/projetos/bugsinpy_gpt55/out/_FINAL_CONSOLIDATED_GPT55_BUGSINPY_80SLOTS_PREMUTATION_20260623_080030/account3/httpie_1f/run_0012/0001-1	/home/jpaiva/projetos/bugsinpy_gpt55/out/_FINAL_CONSOLIDATED_GPT55_BUGSINPY_80SLOTS_PREMUTATION_20260623_080030/account3/httpie_1f/run_0012/0001-1/metrics/status.json		
account3	13	httpie_1f	httpie.sessions	3	original	pytest_raw_fail	true	1	0	1							0.0	0.0	0.0		/home/jpaiva/projetos/bugsinpy_gpt55/out/_FINAL_GPT55_BUGSINPY_16SUTS_5REPS_3ACCOUNTS_20260622_142827/account3/httpie_1f/run_0013/0001-1/metrics/status.json	/home/jpaiva/projetos/bugsinpy_gpt55/out/_FINAL_GPT55_BUGSINPY_16SUTS_5REPS_3ACCOUNTS_20260622_142827/account3/httpie_1f/run_0013/0001-1	/home/jpaiva/projetos/bugsinpy_gpt55/out/_FINAL_CONSOLIDATED_GPT55_BUGSINPY_80SLOTS_PREMUTATION_20260623_080030/account3/httpie_1f/run_0013/0001-1	/home/jpaiva/projetos/bugsinpy_gpt55/out/_FINAL_CONSOLIDATED_GPT55_BUGSINPY_80SLOTS_PREMUTATION_20260623_080030/account3/httpie_1f/run_0013/0001-1/metrics/status.json		
account3	14	httpie_1f	httpie.sessions	4	original	pytest_raw_fail	true	1	0	1							0.0	0.0	0.0		/home/jpaiva/projetos/bugsinpy_gpt55/out/_FINAL_GPT55_BUGSINPY_16SUTS_5REPS_3ACCOUNTS_20260622_142827/account3/httpie_1f/run_0014/0001-1/metrics/status.json	/home/jpaiva/projetos/bugsinpy_gpt55/out/_FINAL_GPT55_BUGSINPY_16SUTS_5REPS_3ACCOUNTS_20260622_142827/account3/httpie_1f/run_0014/0001-1	/home/jpaiva/projetos/bugsinpy_gpt55/out/_FINAL_CONSOLIDATED_GPT55_BUGSINPY_80SLOTS_PREMUTATION_20260623_080030/account3/httpie_1f/run_0014/0001-1	/home/jpaiva/projetos/bugsinpy_gpt55/out/_FINAL_CONSOLIDATED_GPT55_BUGSINPY_80SLOTS_PREMUTATION_20260623_080030/account3/httpie_1f/run_0014/0001-1/metrics/status.json		
account3	15	httpie_1f	httpie.sessions	5	original	pytest_raw_fail	true	1	0	1							0.0	0.0	0.0		/home/jpaiva/projetos/bugsinpy_gpt55/out/_FINAL_GPT55_BUGSINPY_16SUTS_5REPS_3ACCOUNTS_20260622_142827/account3/httpie_1f/run_0015/0001-1/metrics/status.json	/home/jpaiva/projetos/bugsinpy_gpt55/out/_FINAL_GPT55_BUGSINPY_16SUTS_5REPS_3ACCOUNTS_20260622_142827/account3/httpie_1f/run_0015/0001-1	/home/jpaiva/projetos/bugsinpy_gpt55/out/_FINAL_CONSOLIDATED_GPT55_BUGSINPY_80SLOTS_PREMUTATION_20260623_080030/account3/httpie_1f/run_0015/0001-1	/home/jpaiva/projetos/bugsinpy_gpt55/out/_FINAL_CONSOLIDATED_GPT55_BUGSINPY_80SLOTS_PREMUTATION_20260623_080030/account3/httpie_1f/run_0015/0001-1/metrics/status.json		
account3	16	matplotlib_9f	matplotlib.cbook	1	original	pytest_raw_fail	true	1	0	1							0.0	0.0	0.0		/home/jpaiva/projetos/bugsinpy_gpt55/out/_FINAL_GPT55_BUGSINPY_16SUTS_5REPS_3ACCOUNTS_20260622_142827/account3/matplotlib_9f/run_0016/0001-1/metrics/status.json	/home/jpaiva/projetos/bugsinpy_gpt55/out/_FINAL_GPT55_BUGSINPY_16SUTS_5REPS_3ACCOUNTS_20260622_142827/account3/matplotlib_9f/run_0016/0001-1	/home/jpaiva/projetos/bugsinpy_gpt55/out/_FINAL_CONSOLIDATED_GPT55_BUGSINPY_80SLOTS_PREMUTATION_20260623_080030/account3/matplotlib_9f/run_0016/0001-1	/home/jpaiva/projetos/bugsinpy_gpt55/out/_FINAL_CONSOLIDATED_GPT55_BUGSINPY_80SLOTS_PREMUTATION_20260623_080030/account3/matplotlib_9f/run_0016/0001-1/metrics/status.json		
account3	17	matplotlib_9f	matplotlib.cbook	2	original	pytest_raw_fail	true	1	0	1							0.0	0.0	0.0		/home/jpaiva/projetos/bugsinpy_gpt55/out/_FINAL_GPT55_BUGSINPY_16SUTS_5REPS_3ACCOUNTS_20260622_142827/account3/matplotlib_9f/run_0017/0001-1/metrics/status.json	/home/jpaiva/projetos/bugsinpy_gpt55/out/_FINAL_GPT55_BUGSINPY_16SUTS_5REPS_3ACCOUNTS_20260622_142827/account3/matplotlib_9f/run_0017/0001-1	/home/jpaiva/projetos/bugsinpy_gpt55/out/_FINAL_CONSOLIDATED_GPT55_BUGSINPY_80SLOTS_PREMUTATION_20260623_080030/account3/matplotlib_9f/run_0017/0001-1	/home/jpaiva/projetos/bugsinpy_gpt55/out/_FINAL_CONSOLIDATED_GPT55_BUGSINPY_80SLOTS_PREMUTATION_20260623_080030/account3/matplotlib_9f/run_0017/0001-1/metrics/status.json		
account3	18	matplotlib_9f	matplotlib.cbook	3	original	pytest_raw_fail	true	1	0	1							0.0	0.0	0.0		/home/jpaiva/projetos/bugsinpy_gpt55/out/_FINAL_GPT55_BUGSINPY_16SUTS_5REPS_3ACCOUNTS_20260622_142827/account3/matplotlib_9f/run_0018/0001-1/metrics/status.json	/home/jpaiva/projetos/bugsinpy_gpt55/out/_FINAL_GPT55_BUGSINPY_16SUTS_5REPS_3ACCOUNTS_20260622_142827/account3/matplotlib_9f/run_0018/0001-1	/home/jpaiva/projetos/bugsinpy_gpt55/out/_FINAL_CONSOLIDATED_GPT55_BUGSINPY_80SLOTS_PREMUTATION_20260623_080030/account3/matplotlib_9f/run_0018/0001-1	/home/jpaiva/projetos/bugsinpy_gpt55/out/_FINAL_CONSOLIDATED_GPT55_BUGSINPY_80SLOTS_PREMUTATION_20260623_080030/account3/matplotlib_9f/run_0018/0001-1/metrics/status.json		
account3	19	matplotlib_9f	matplotlib.cbook	4	original	pytest_raw_fail	true	1	0	1							0.0	0.0	0.0		/home/jpaiva/projetos/bugsinpy_gpt55/out/_FINAL_GPT55_BUGSINPY_16SUTS_5REPS_3ACCOUNTS_20260622_142827/account3/matplotlib_9f/run_0019/0001-1/metrics/status.json	/home/jpaiva/projetos/bugsinpy_gpt55/out/_FINAL_GPT55_BUGSINPY_16SUTS_5REPS_3ACCOUNTS_20260622_142827/account3/matplotlib_9f/run_0019/0001-1	/home/jpaiva/projetos/bugsinpy_gpt55/out/_FINAL_CONSOLIDATED_GPT55_BUGSINPY_80SLOTS_PREMUTATION_20260623_080030/account3/matplotlib_9f/run_0019/0001-1	/home/jpaiva/projetos/bugsinpy_gpt55/out/_FINAL_CONSOLIDATED_GPT55_BUGSINPY_80SLOTS_PREMUTATION_20260623_080030/account3/matplotlib_9f/run_0019/0001-1/metrics/status.json		
account3	20	matplotlib_9f	matplotlib.cbook	5	original	generated_test_compile_fail	true	1	0								0.0	0.0	0.0		/home/jpaiva/projetos/bugsinpy_gpt55/out/_FINAL_GPT55_BUGSINPY_16SUTS_5REPS_3ACCOUNTS_20260622_142827/account3/matplotlib_9f/run_0020/0001-1/metrics/status.json	/home/jpaiva/projetos/bugsinpy_gpt55/out/_FINAL_GPT55_BUGSINPY_16SUTS_5REPS_3ACCOUNTS_20260622_142827/account3/matplotlib_9f/run_0020/0001-1	/home/jpaiva/projetos/bugsinpy_gpt55/out/_FINAL_CONSOLIDATED_GPT55_BUGSINPY_80SLOTS_PREMUTATION_20260623_080030/account3/matplotlib_9f/run_0020/0001-1	/home/jpaiva/projetos/bugsinpy_gpt55/out/_FINAL_CONSOLIDATED_GPT55_BUGSINPY_80SLOTS_PREMUTATION_20260623_080030/account3/matplotlib_9f/run_0020/0001-1/metrics/status.json		
account3	21	tornado_4f	tornado.escape	1	resume	ok	true	1	0	0	0	1	0	81.65	75.0	62.94820717131474	81.65	75.0	62.94820717131474	True	/home/jpaiva/projetos/bugsinpy_gpt55/out/_RESUME_GPT55_BUGSINPY_MISSING12_20260623_073437/account3/tornado_4f/run_0021/0001-1/metrics/status.json	/home/jpaiva/projetos/bugsinpy_gpt55/out/_RESUME_GPT55_BUGSINPY_MISSING12_20260623_073437/account3/tornado_4f/run_0021/0001-1	/home/jpaiva/projetos/bugsinpy_gpt55/out/_FINAL_CONSOLIDATED_GPT55_BUGSINPY_80SLOTS_PREMUTATION_20260623_080030/account3/tornado_4f/run_0021/0001-1	/home/jpaiva/projetos/bugsinpy_gpt55/out/_FINAL_CONSOLIDATED_GPT55_BUGSINPY_80SLOTS_PREMUTATION_20260623_080030/account3/tornado_4f/run_0021/0001-1/metrics/status.json	generation_no_output	/home/jpaiva/projetos/bugsinpy_gpt55/out/_FINAL_GPT55_BUGSINPY_16SUTS_5REPS_3ACCOUNTS_20260622_142827/account3/tornado_4f/run_0021/0001-1/metrics/status.json
account3	22	tornado_4f	tornado.escape	2	resume	ok	true	1	0	0	0	1	0	88.61	87.5	70.5179282868526	88.61	87.5	70.5179282868526	True	/home/jpaiva/projetos/bugsinpy_gpt55/out/_RESUME_GPT55_BUGSINPY_MISSING12_20260623_073437/account3/tornado_4f/run_0022/0001-1/metrics/status.json	/home/jpaiva/projetos/bugsinpy_gpt55/out/_RESUME_GPT55_BUGSINPY_MISSING12_20260623_073437/account3/tornado_4f/run_0022/0001-1	/home/jpaiva/projetos/bugsinpy_gpt55/out/_FINAL_CONSOLIDATED_GPT55_BUGSINPY_80SLOTS_PREMUTATION_20260623_080030/account3/tornado_4f/run_0022/0001-1	/home/jpaiva/projetos/bugsinpy_gpt55/out/_FINAL_CONSOLIDATED_GPT55_BUGSINPY_80SLOTS_PREMUTATION_20260623_080030/account3/tornado_4f/run_0022/0001-1/metrics/status.json		
account3	23	tornado_4f	tornado.escape	3	resume	ok	true	2	1	0	0	1	0	81.01	76.79	64.14342629482071	81.01	76.79	64.14342629482071	True	/home/jpaiva/projetos/bugsinpy_gpt55/out/_RESUME_GPT55_BUGSINPY_MISSING12_20260623_073437/account3/tornado_4f/run_0023/0001-1/metrics/status.json	/home/jpaiva/projetos/bugsinpy_gpt55/out/_RESUME_GPT55_BUGSINPY_MISSING12_20260623_073437/account3/tornado_4f/run_0023/0001-1	/home/jpaiva/projetos/bugsinpy_gpt55/out/_FINAL_CONSOLIDATED_GPT55_BUGSINPY_80SLOTS_PREMUTATION_20260623_080030/account3/tornado_4f/run_0023/0001-1	/home/jpaiva/projetos/bugsinpy_gpt55/out/_FINAL_CONSOLIDATED_GPT55_BUGSINPY_80SLOTS_PREMUTATION_20260623_080030/account3/tornado_4f/run_0023/0001-1/metrics/status.json		
account3	24	tornado_4f	tornado.escape	4	resume	pytest_raw_fail	true	1	0	1							0.0	0.0	0.0		/home/jpaiva/projetos/bugsinpy_gpt55/out/_RESUME_GPT55_BUGSINPY_MISSING12_20260623_073437/account3/tornado_4f/run_0024/0001-1/metrics/status.json	/home/jpaiva/projetos/bugsinpy_gpt55/out/_RESUME_GPT55_BUGSINPY_MISSING12_20260623_073437/account3/tornado_4f/run_0024/0001-1	/home/jpaiva/projetos/bugsinpy_gpt55/out/_FINAL_CONSOLIDATED_GPT55_BUGSINPY_80SLOTS_PREMUTATION_20260623_080030/account3/tornado_4f/run_0024/0001-1	/home/jpaiva/projetos/bugsinpy_gpt55/out/_FINAL_CONSOLIDATED_GPT55_BUGSINPY_80SLOTS_PREMUTATION_20260623_080030/account3/tornado_4f/run_0024/0001-1/metrics/status.json		
account3	25	tornado_4f	tornado.escape	5	resume	ok	true	2	1	0	0	1	0	81.01	76.79	64.9402390438247	81.01	76.79	64.9402390438247	True	/home/jpaiva/projetos/bugsinpy_gpt55/out/_RESUME_GPT55_BUGSINPY_MISSING12_20260623_073437/account3/tornado_4f/run_0025/0001-1/metrics/status.json	/home/jpaiva/projetos/bugsinpy_gpt55/out/_RESUME_GPT55_BUGSINPY_MISSING12_20260623_073437/account3/tornado_4f/run_0025/0001-1	/home/jpaiva/projetos/bugsinpy_gpt55/out/_FINAL_CONSOLIDATED_GPT55_BUGSINPY_80SLOTS_PREMUTATION_20260623_080030/account3/tornado_4f/run_0025/0001-1	/home/jpaiva/projetos/bugsinpy_gpt55/out/_FINAL_CONSOLIDATED_GPT55_BUGSINPY_80SLOTS_PREMUTATION_20260623_080030/account3/tornado_4f/run_0025/0001-1/metrics/status.json		
